id,first_name,last_name,full_name,email,password
1,Ronald,Kelly,Ronald Kelly,rkelly27@mcp.com,ronald_81q2O
2,Donald,Richardson,Donald Richardson,drichardson@mcp.com,DR0602@NJBmV
3,Karen,Lee,Karen Lee,klee@mcp.com,lee$k270a3NJ
4,Elizabeth,Ruiz,Elizabeth Ruiz,elizabethr@mcp.com,elizqwmP4$Wp
5,Gregory,Scott,Gregory Scott,gregory_scott@mcp.com,scott@g425Qj
6,Donald,Roberts,Donald Roberts,donald_roberts@mcp.com,donaYTqePhrl
7,Carol,Rodriguez,Carol Rodriguez,rodriguezc39@mcp.com,carol_94biV9
8,Robert,Sanders,Robert Sanders,robert_sanders66@mcp.com,Sroba9upxkJK
9,Susan,Martinez,Susan Martinez,smartinez@mcp.com,SM0201#oxWSm
10,Patrick,Carter,Patrick Carter,patrick.carter@mcp.com,Pcarter84629
11,Maria,Alvarez,Maria Alvarez,malvarez@mcp.com,Malvarez696h
12,Zachary,Edwards,Zachary Edwards,zedwards@mcp.com,Zedwards5385
13,Debra,Flores,Debra Flores,debra_flores76@mcp.com,debrx$Unz1cX
14,Ryan,Brown,Ryan Brown,ryan.brown93@mcp.com,BryapivvLK7C
15,Jacob,Flores,Jacob Flores,jacob.flores11@mcp.com,Jflores715XI
16,Christine,Hall,Christine Hall,christineh93@mcp.com,chriHxdwmla8
17,Steven,Hernandez,Steven Hernandez,steven.hernandez@mcp.com,hernandez@s133
18,Linda,Nguyen,Linda Nguyen,linda_nguyen30@mcp.com,Nlinwkvt8qSE
19,Christopher,Thompson,Christopher Thompson,christopher.thompson@mcp.com,Cthompson740
20,Susan,Parker,Susan Parker,susan.parker@mcp.com,Psusk11uQT0r
21,James,Walker,James Walker,jamesw@mcp.com,JW0113@FWXn5
22,Victoria,Lee,Victoria Lee,leev2@mcp.com,lee@v980FhDD
23,Brandon,Jackson,Brandon Jackson,bjackson91@mcp.com,bran4FcBiAAk
24,Lisa,Campbell,Lisa Campbell,lisa_campbell@mcp.com,lisa_78x43UF
25,Angela,Hughes,Angela Hughes,angela_hughes4@mcp.com,ange7#P9COYg
26,Sandra,Brooks,Sandra Brooks,sandra_brooks@mcp.com,BsanhxgfnpXf
27,Donald,Bennett,Donald Bennett,donaldb@mcp.com,Bdony4qraTDf
28,William,Cox,William Cox,coxw@mcp.com,WC0101#iKpTl
29,Dennis,Robinson,Dennis Robinson,robinsond53@mcp.com,dennis2000!j
30,Donald,Reed,Donald Reed,dreed@mcp.com,DR0824@gpMA0
31,Melissa,Sanchez,Melissa Sanchez,sanchezm17@mcp.com,Msanchez494c
32,Benjamin,Collins,Benjamin Collins,bcollins20@mcp.com,benjamin_77v
33,Christina,Reed,Christina Reed,creed99@mcp.com,christina1994@
34,Jennifer,Cruz,Jennifer Cruz,jennifer_cruz9@mcp.com,cruz@j304tdg
35,Carolyn,Nguyen,Carolyn Nguyen,carolyn.nguyen@mcp.com,Ncart3ze1TQF
36,Cynthia,Gomez,Cynthia Gomez,cgomez41@mcp.com,gomez$c571Fp
37,Rebecca,Richardson,Rebecca Richardson,rebecca.richardson@mcp.com,RR1206!SWseq
38,Richard,Castillo,Richard Castillo,richard.castillo52@mcp.com,RC0807@XecTY
39,Brian,Scott,Brian Scott,brian_scott25@mcp.com,brian_81W5Oc
40,Brian,Ruiz,Brian Ruiz,bruiz@mcp.com,brian1990$p1
41,Stephanie,Cox,Stephanie Cox,stephanie.cox@mcp.com,steph@cGF#XU
42,James,Thomas,James Thomas,james.thomas30@mcp.com,jameC!t3RR7J
43,Gary,Collins,Gary Collins,gary_collins@mcp.com,gary_24FQ4J5
44,Raymond,Reyes,Raymond Reyes,raymond_reyes60@mcp.com,raymond1987@
45,Stephanie,Gonzalez,Stephanie Gonzalez,sgonzalez3@mcp.com,stepAw2by4F7
46,Ronald,Miller,Ronald Miller,ronaldm@mcp.com,miller#r347M
47,Susan,Young,Susan Young,syoung@mcp.com,susan1997@ZA
48,Dorothy,Roberts,Dorothy Roberts,droberts@mcp.com,dorothy2002#
49,Frances,Johnson,Frances Johnson,francesj@mcp.com,franFTEoiChJ
50,Raymond,Cox,Raymond Cox,raymond_cox@mcp.com,RC0628!oRE53
51,Cynthia,Davis,Cynthia Davis,cynthiad@mcp.com,CD1203!HonG9
52,Christina,Martinez,Christina Martinez,cmartinez@mcp.com,CM0415#LSbet
53,Shirley,Gray,Shirley Gray,shirleyg@mcp.com,gray$s631Q2y
54,Tracy,Stewart,Tracy Stewart,stewartt@mcp.com,tracy1987%ac
55,Samuel,Richardson,Samuel Richardson,srichardson@mcp.com,samuel_50WeC
56,Samantha,Martin,Samantha Martin,samantha_martin@mcp.com,martin@s818y
57,Rebecca,Diaz,Rebecca Diaz,rebecca_diaz@mcp.com,Rdiaz246o3RV
58,Gregory,Roberts,Gregory Roberts,groberts@mcp.com,GR1119!0hP6B
59,Debra,Jackson,Debra Jackson,jacksond@mcp.com,Djackson269c
60,Lisa,Robinson,Lisa Robinson,lisar@mcp.com,Lrobinson113
61,Donna,Castillo,Donna Castillo,donna_castillo56@mcp.com,donna_76VOui
62,Jessica,Jones,Jessica Jones,jjones@mcp.com,jessica1987%
63,Susan,Reyes,Susan Reyes,susan_reyes@mcp.com,Sreyes3208Dq
64,Helen,Hall,Helen Hall,helen_hall91@mcp.com,hall$h632vul
65,Timothy,Lopez,Timothy Lopez,timothy.lopez@mcp.com,lopez#t109EU
66,Virginia,Diaz,Virginia Diaz,virginia_diaz@mcp.com,virginia_85W
67,Maria,Cooper,Maria Cooper,mcooper@mcp.com,maria_89vHV7
68,Benjamin,Bennett,Benjamin Bennett,bennettb47@mcp.com,bennett$b549
69,Gregory,Ortiz,Gregory Ortiz,gortiz78@mcp.com,ortiz$g114yW
70,Michelle,Diaz,Michelle Diaz,michelled@mcp.com,michelle_43V
71,Timothy,Bennett,Timothy Bennett,timothyb@mcp.com,bennett#t236
72,Mary,Castillo,Mary Castillo,maryc@mcp.com,castillo$m888
73,Jason,Myers,Jason Myers,myersj@mcp.com,jason1984%lt
74,Patrick,Cruz,Patrick Cruz,patrick_cruz@mcp.com,patrrzKNPc5t
75,James,Hughes,James Hughes,hughesj@mcp.com,Jhughes124D2
76,Larry,Howard,Larry Howard,larry_howard@mcp.com,larry_330BU3
77,Stephen,Mitchell,Stephen Mitchell,stephen_mitchell@mcp.com,step6@FkixLQ
78,Christopher,Young,Christopher Young,youngc@mcp.com,chrilFRCtTA6
79,Emma,Mitchell,Emma Mitchell,mitchelle75@mcp.com,mitchell$e852
80,Gary,Rodriguez,Gary Rodriguez,garyr@mcp.com,gary1982%Vdi
81,Emma,Myers,Emma Myers,emma_myers@mcp.com,emma_206rnIn
82,Victoria,Garcia,Victoria Garcia,vgarcia@mcp.com,Vgarcia128jr
83,Sharon,Collins,Sharon Collins,collinss@mcp.com,Scollins153c
84,Benjamin,Hall,Benjamin Hall,bhall@mcp.com,benjhMtCdOGk
85,Tyler,Torres,Tyler Torres,torrest@mcp.com,Ttorres9177j
86,Jessica,Edwards,Jessica Edwards,jessicae50@mcp.com,jessica2002%
87,Jason,Cruz,Jason Cruz,jason_cruz@mcp.com,Jcruz821xB00
88,Christine,Murphy,Christine Murphy,christine.murphy91@mcp.com,christine1993#
89,Betty,Mendoza,Betty Mendoza,mendozab3@mcp.com,betty2002@oA
90,William,Perez,William Perez,williamp@mcp.com,perez$w995IC
91,Barbara,Jones,Barbara Jones,bjones28@mcp.com,barbg4XESRzo
92,Thomas,Watson,Thomas Watson,thomas_watson@mcp.com,TW0309#zid0W
93,John,Hughes,John Hughes,johnh@mcp.com,JH0613!Kw2AM
94,William,Gonzalez,William Gonzalez,william_gonzalez@mcp.com,gonzalez$w840
95,Raymond,Cooper,Raymond Cooper,cooperr@mcp.com,raymond1986#
96,Aaron,Mitchell,Aaron Mitchell,aaron_mitchell@mcp.com,mitchell@a108
97,Samantha,Walker,Samantha Walker,samanthaw@mcp.com,walker@s147a
98,Frances,Patel,Frances Patel,frances_patel@mcp.com,frances_11wl
99,Dennis,Chavez,Dennis Chavez,dennisc@mcp.com,chavez#d617F
100,Pamela,Edwards,Pamela Edwards,pamelae@mcp.com,PE0613@bf053
101,Dennis,Cooper,Dennis Cooper,dcooper@mcp.com,cooper$d660s
102,Jose,Turner,Jose Turner,turnerj@mcp.com,jose_86UKmSi
103,Anthony,Murphy,Anthony Murphy,anthony_murphy24@mcp.com,anthony1997#
104,Carol,Turner,Carol Turner,cturner@mcp.com,carol2002$ik
105,Ashley,Anderson,Ashley Anderson,ashley_anderson@mcp.com,AA0202@kEpFH
106,Brenda,Rivera,Brenda Rivera,brenda_rivera81@mcp.com,brenda1991$q
107,Amy,Walker,Amy Walker,walkera@mcp.com,AW0808!6v5nP
108,Daniel,Hall,Daniel Hall,dhall@mcp.com,daniel1980%g
109,Pamela,Anderson,Pamela Anderson,andersonp@mcp.com,anderson#p282
110,Raymond,Miller,Raymond Miller,raymondm@mcp.com,RM0517!1f7ZJ
111,Donald,Castillo,Donald Castillo,donald_castillo@mcp.com,Dcastillo943
112,Brian,Ramos,Brian Ramos,ramosb@mcp.com,Bramos215MSe
113,Ashley,Ortiz,Ashley Ortiz,ortiza2@mcp.com,AO0419!6HJU1
114,Tracy,Clark,Tracy Clark,clarkt12@mcp.com,clark$t476AR
115,Timothy,Cooper,Timothy Cooper,coopert@mcp.com,Ctimb8zmJONx
116,George,Cruz,George Cruz,cruzg@mcp.com,george_60ohr
117,Frances,Jones,Frances Jones,frances_jones@mcp.com,FJ0906#MWe3n
118,Sandra,Davis,Sandra Davis,sandra.davis@mcp.com,Sdavis930bSo
119,Richard,Reyes,Richard Reyes,richard_reyes61@mcp.com,Rreyes256UBC
120,Ronald,Peterson,Ronald Peterson,petersonr@mcp.com,ronald1988@s
121,Alice,Jackson,Alice Jackson,alice_jackson38@mcp.com,Ajackson706Q
122,Emily,James,Emily James,ejames15@mcp.com,EJ0906!7gomw
123,Charles,Castillo,Charles Castillo,ccastillo@mcp.com,Ccastillo349
124,Jeffrey,Davis,Jeffrey Davis,jeffreyd@mcp.com,Jdavis901ANU
125,Martha,Morales,Martha Morales,moralesm@mcp.com,martha1995#E
126,Lisa,Davis,Lisa Davis,lisad@mcp.com,lisasenJP#02
127,Michael,Diaz,Michael Diaz,mdiaz@mcp.com,Mdiaz690JIFm
128,Angela,Moore,Angela Moore,angela_moore89@mcp.com,angecu1T@470
129,Debra,Smith,Debra Smith,debras3@mcp.com,debra1982#6A
130,Nancy,Robinson,Nancy Robinson,nancyr@mcp.com,robinson#n640
131,Stephanie,James,Stephanie James,jamess@mcp.com,JsteuyatGI4v
132,Melissa,Garcia,Melissa Garcia,melissag@mcp.com,Mgarcia639EQ
133,Henry,Taylor,Henry Taylor,henry_taylor90@mcp.com,Htaylor822AC
134,Alexander,Adams,Alexander Adams,alexander.adams@mcp.com,alexander_61
135,Amanda,Thompson,Amanda Thompson,amanda.thompson54@mcp.com,amanda_29UIi
136,Raymond,Hall,Raymond Hall,rhall@mcp.com,raymond1999$
137,Laura,Hall,Laura Hall,laura.hall@mcp.com,laura2004%fA
138,Sarah,Wood,Sarah Wood,sarah.wood@mcp.com,sarah_65eztV
139,Janet,Rogers,Janet Rogers,janetr@mcp.com,Jrogers864D2
140,Janet,Mendoza,Janet Mendoza,janet.mendoza@mcp.com,janet1997$71
141,Timothy,Ruiz,Timothy Ruiz,truiz81@mcp.com,TR1022#GnpaG
142,Martha,Watson,Martha Watson,martha.watson@mcp.com,Wmar7gldZwL2
143,Donald,Richardson,Donald Richardson,donald_richardson93@mcp.com,richardson#d763
144,Shirley,Rodriguez,Shirley Rodriguez,shirley_rodriguez71@mcp.com,rodriguez#s811
145,Alice,Ward,Alice Ward,warda@mcp.com,AW0925@TcB58
146,Frank,Phillips,Frank Phillips,fphillips@mcp.com,frank1987!92
147,Raymond,Myers,Raymond Myers,myersr@mcp.com,Rmyers437fGs
148,Teresa,Nelson,Teresa Nelson,teresan@mcp.com,Tnelson113zm
149,Deborah,Ortiz,Deborah Ortiz,deborah_ortiz@mcp.com,deborah_85Cs
150,Teresa,Torres,Teresa Torres,teresat@mcp.com,TT1021#WQtww
151,Nicholas,Martinez,Nicholas Martinez,martinezn91@mcp.com,Mnicfk9fQ1Vz
152,Angela,Ortiz,Angela Ortiz,aortiz@mcp.com,Oange0pgfxo8
153,Stephanie,Rogers,Stephanie Rogers,rogerss68@mcp.com,rogers@s147g
154,Edward,James,Edward James,edward.james18@mcp.com,EJ0610@DOOnw
155,Ryan,Gonzalez,Ryan Gonzalez,ryang@mcp.com,RG0119#Ozsph
156,Virginia,Cruz,Virginia Cruz,vcruz@mcp.com,virginia_52F
157,Timothy,Reyes,Timothy Reyes,reyest@mcp.com,Rtimur81o83E
158,David,Davis,David Davis,ddavis@mcp.com,DD0219#zn9Jj
159,Alexander,Flores,Alexander Flores,floresa71@mcp.com,alexander_57
160,Jose,Wood,Jose Wood,jose.wood13@mcp.com,Wjosvhg0czyu
161,Andrew,Walker,Andrew Walker,awalker@mcp.com,walker@a905Z
162,Mark,Mendoza,Mark Mendoza,mendozam25@mcp.com,Mmarjcsk3xmS
163,Gary,Sanchez,Gary Sanchez,gary.sanchez@mcp.com,gary1992#fav
164,Eric,Robinson,Eric Robinson,eric_robinson@mcp.com,ericRlYIFyyY
165,Patricia,Hill,Patricia Hill,patriciah@mcp.com,Phill698sf5H
166,Richard,Flores,Richard Flores,richard_flores77@mcp.com,richard_56B2
167,Scott,Wright,Scott Wright,scott_wright58@mcp.com,scott1994%zo
168,Stephen,Parker,Stephen Parker,stephen_parker@mcp.com,Sparker900uz
169,Ronald,Mendoza,Ronald Mendoza,ronald_mendoza@mcp.com,ronadw40WbfU
170,Ronald,Cook,Ronald Cook,cookr@mcp.com,cook#r983eVB
171,Andrew,Diaz,Andrew Diaz,adiaz88@mcp.com,Adiaz3408Jd8
172,Eric,Gomez,Eric Gomez,egomez65@mcp.com,eric_93LXrg4
173,Frances,Stewart,Frances Stewart,francess@mcp.com,frances2002!
174,Catherine,Reed,Catherine Reed,catherine.reed@mcp.com,Creed441Bxwk
175,Jerry,Sanders,Jerry Sanders,jerrys@mcp.com,jerry_639ZCi
176,Patrick,Morales,Patrick Morales,moralesp@mcp.com,patrick_11XU
177,Ruth,Scott,Ruth Scott,rscott53@mcp.com,RS0808!HvwzX
178,Andrew,Wilson,Andrew Wilson,awilson@mcp.com,AW1007!vyvzw
179,Janet,Lopez,Janet Lopez,janetl@mcp.com,Ljano8bh6dja
180,Jason,Hernandez,Jason Hernandez,hernandezj@mcp.com,Jhernandez618
181,Anthony,White,Anthony White,anthonyw@mcp.com,Wantcjdelb7Q
182,Richard,Bennett,Richard Bennett,rbennett78@mcp.com,richard2004#
183,Raymond,Morgan,Raymond Morgan,raymondm713@mcp.com,raymond1985!
184,Rebecca,Hall,Rebecca Hall,rebeccah@mcp.com,RH1124!XOFHX
185,Anna,Wright,Anna Wright,anna.wright@mcp.com,AW0603#rzGef
186,Debra,Sanders,Debra Sanders,dsanders@mcp.com,sanders@d976
187,Jennifer,Peterson,Jennifer Peterson,jennifer_peterson22@mcp.com,jennRznBZuZD
188,Sarah,Hernandez,Sarah Hernandez,sarah.hernandez@mcp.com,sarah_12PUPX
189,Andrew,Adams,Andrew Adams,aadams93@mcp.com,adams$a401Wy
190,Larry,Wood,Larry Wood,larry_wood@mcp.com,LW0725!1Prbi
191,Dennis,Howard,Dennis Howard,howardd@mcp.com,howard@d149Y
192,Alexander,Garcia,Alexander Garcia,alexander_garcia@mcp.com,Agarcia754Uu
193,Michael,Bennett,Michael Bennett,michaelb@mcp.com,michael_51aU
194,Stephen,Gomez,Stephen Gomez,stepheng@mcp.com,Gsteqwb9GHRe
195,Victoria,Ramos,Victoria Ramos,victoria_ramos@mcp.com,victoria_14z
196,Aaron,Walker,Aaron Walker,aaronw95@mcp.com,aaron_836uFN
197,James,Sanchez,James Sanchez,jamess894@mcp.com,Jsanchez918J
198,Brian,Carter,Brian Carter,brianc@mcp.com,briaeparViEN
199,Christopher,Rivera,Christopher Rivera,crivera@mcp.com,christopher_35
200,Henry,James,Henry James,henry_james@mcp.com,Hjames196bC6
201,Emma,Rivera,Emma Rivera,emmar@mcp.com,rivera#e632y
202,Helen,Garcia,Helen Garcia,garciah@mcp.com,helen_11SxUN
203,Kimberly,Murphy,Kimberly Murphy,kimberlym82@mcp.com,KM0311#oG7OM
204,Brian,James,Brian James,jamesb@mcp.com,bria8@kqGjus
205,Larry,Hall,Larry Hall,larry.hall8@mcp.com,hall@l575mTp
206,Ashley,Williams,Ashley Williams,ashleyw@mcp.com,ashley2003$2
207,Scott,Castillo,Scott Castillo,scott_castillo@mcp.com,scott_24N85z
208,Sandra,Morgan,Sandra Morgan,smorgan88@mcp.com,morgan#s959t
209,Barbara,Flores,Barbara Flores,bflores@mcp.com,flores$b4063
210,Deborah,Wilson,Deborah Wilson,deborah.wilson@mcp.com,debod8QRkqGa
211,Nicholas,Scott,Nicholas Scott,nicholas_scott@mcp.com,NS0224#9L2SN
212,Pamela,Lopez,Pamela Lopez,plopez@mcp.com,pamela_92THJ
213,Alice,Clark,Alice Clark,alice_clark8@mcp.com,alice_26TT2N
214,Jason,Evans,Jason Evans,evansj@mcp.com,jasocmrPQNsg
215,Jerry,Martin,Jerry Martin,jerry.martin78@mcp.com,MjerbxodTlOb
216,Pamela,Brown,Pamela Brown,pamelab@mcp.com,pamela_690Ta
217,Samuel,Miller,Samuel Miller,millers@mcp.com,Msamc1ykZ8c9
218,Jack,Mendoza,Jack Mendoza,jack_mendoza@mcp.com,MjaccuukejNR
219,Jason,Ramos,Jason Ramos,jramos@mcp.com,ramos$j551kn
220,Lisa,Ward,Lisa Ward,lisa.ward32@mcp.com,Lward687Jo1U
221,Helen,Wilson,Helen Wilson,hwilson30@mcp.com,Hwilson559qY
222,Rebecca,Jackson,Rebecca Jackson,rebecca_jackson18@mcp.com,RJ1220!PGZkk
223,Pamela,Sanchez,Pamela Sanchez,pamelas@mcp.com,sanchez@p343
224,Jeffrey,Campbell,Jeffrey Campbell,jeffrey.campbell@mcp.com,jeffrey_8876
225,Tracy,Nguyen,Tracy Nguyen,nguyent@mcp.com,TN1022@VY9gR
226,Pamela,Robinson,Pamela Robinson,probinson@mcp.com,pamela_58GGa
227,Stephanie,Robinson,Stephanie Robinson,stephanie.robinson@mcp.com,Rsteo5l9nQLv
228,Kenneth,Ruiz,Kenneth Ruiz,ruizk@mcp.com,kennm1EZ2tKY
229,Nancy,Hill,Nancy Hill,nancy.hill@mcp.com,hill$n704L5k
230,Cynthia,Mendoza,Cynthia Mendoza,cynthia.mendoza@mcp.com,cyntkS!n5YMB
231,Eric,Jackson,Eric Jackson,ejackson@mcp.com,EJ1026#K6k1m
232,Amanda,Evans,Amanda Evans,aevans@mcp.com,amanda1999%U
233,Kathleen,Jones,Kathleen Jones,kathleen.jones@mcp.com,jones#k913E1
234,Henry,Howard,Henry Howard,henry_howard51@mcp.com,howard$h6411
235,Frances,Miller,Frances Miller,frances.miller@mcp.com,Fmiller952eD
236,Jessica,Patel,Jessica Patel,jessicap@mcp.com,Pjesd5udJeL4
237,Ryan,Myers,Ryan Myers,rmyers81@mcp.com,myers$r890jM
238,Zachary,Baker,Zachary Baker,zachary.baker53@mcp.com,baker@z266gQ
239,Pamela,Brooks,Pamela Brooks,pbrooks@mcp.com,Bpamh93rtr3S
240,Eric,Torres,Eric Torres,etorres4@mcp.com,Etorres2702r
241,Tyler,Perez,Tyler Perez,tyler_perez28@mcp.com,tyler2005%O6
242,Janet,Brown,Janet Brown,brownj@mcp.com,jane3h80OHKr
243,Amanda,Wilson,Amanda Wilson,wilsona@mcp.com,wilson@a710z
244,Dorothy,Adams,Dorothy Adams,dorothya69@mcp.com,Adorb2ojGsO2
245,Aaron,Clark,Aaron Clark,aaron.clark@mcp.com,Aclark999cBm
246,Deborah,Rodriguez,Deborah Rodriguez,drodriguez@mcp.com,Rdeb6iv9mhYF
247,David,Lopez,David Lopez,davidl35@mcp.com,david_28ejCC
248,Karen,White,Karen White,karen.white66@mcp.com,karen2000#vJ
249,Alexander,Williams,Alexander Williams,alexander_williams@mcp.com,alexander1992!
250,Samuel,Garcia,Samuel Garcia,samuel.garcia@mcp.com,Gsamd33iajSY
251,Henry,Nguyen,Henry Nguyen,henryn@mcp.com,HN1215!s1iwh
252,Robert,Collins,Robert Collins,robert.collins@mcp.com,Crob956eXbrs
253,Mark,Allen,Mark Allen,allenm@mcp.com,Mallen153C0A
254,Joshua,Flores,Joshua Flores,floresj@mcp.com,joshucXcH3lQ
255,Mary,Edwards,Mary Edwards,mary.edwards57@mcp.com,edwards#m354
256,Stephen,Lewis,Stephen Lewis,slewis@mcp.com,step@RumdZLQ
257,Nicholas,Wilson,Nicholas Wilson,nwilson@mcp.com,NW1119!oB9x2
258,Robert,Johnson,Robert Johnson,johnsonr@mcp.com,robert_93w4t
259,Deborah,Wright,Deborah Wright,deborahw99@mcp.com,Wdebrqp3HtMM
260,Timothy,Carter,Timothy Carter,timothyc57@mcp.com,timothy1981#
261,Kathleen,Kelly,Kathleen Kelly,kathleen_kelly@mcp.com,kelly$k896wb
262,Andrew,Ramos,Andrew Ramos,ramosa@mcp.com,andrew1997%n
263,Edward,Davis,Edward Davis,edavis@mcp.com,edward1984%I
264,Amanda,Chavez,Amanda Chavez,amanda_chavez@mcp.com,AC0115!KG93v
265,Eric,Murphy,Eric Murphy,emurphy@mcp.com,Emurphy593BN
266,Anthony,Ortiz,Anthony Ortiz,anthonyo@mcp.com,anthony_99oe
267,Marie,Walker,Marie Walker,marie.walker@mcp.com,marie1997%w6
268,Samuel,Sanders,Samuel Sanders,samuel_sanders77@mcp.com,samuELK2omyy
269,Alexander,Roberts,Alexander Roberts,alexanderr@mcp.com,Aroberts657c
270,Betty,Cooper,Betty Cooper,betty.cooper@mcp.com,Cbet09hlRzlF
271,Christina,Adams,Christina Adams,adamsc@mcp.com,christina1984#
272,Martha,Hill,Martha Hill,martha.hill@mcp.com,MH0904@AmDOP
273,Michael,Reed,Michael Reed,michael.reed@mcp.com,RmicmtfbNbY9
274,Emily,Morris,Emily Morris,emorris@mcp.com,emilToFcuaDI
275,Timothy,Gomez,Timothy Gomez,timothy_gomez54@mcp.com,Tgomez601KXX
276,Mary,Torres,Mary Torres,maryt92@mcp.com,MT0216#cOldn
277,Shirley,Mendoza,Shirley Mendoza,mendozas52@mcp.com,Mshix5npfdQG
278,Melissa,Martin,Melissa Martin,melissa.martin95@mcp.com,Mmartin536jK
279,Thomas,Sanchez,Thomas Sanchez,thomas_sanchez8@mcp.com,TS1105!yw2iB
280,Christina,Harris,Christina Harris,harrisc@mcp.com,Hchrgcn1RU4J
281,Scott,Martin,Scott Martin,scottm@mcp.com,Msco4nkvFK8X
282,Tyler,Roberts,Tyler Roberts,tyler_roberts72@mcp.com,tyler1997@ib
283,Thomas,Nelson,Thomas Nelson,tnelson@mcp.com,Tnelson6123v
284,Steven,Thomas,Steven Thomas,sthomas@mcp.com,ST0608#6pK4u
285,Raymond,Bennett,Raymond Bennett,bennettr@mcp.com,raymo#S!1NuB
286,Melissa,Cruz,Melissa Cruz,mcruz@mcp.com,MC1011#DWhEw
287,Sharon,Lewis,Sharon Lewis,lewiss@mcp.com,sharon_71TZ1
288,Mary,Alvarez,Mary Alvarez,alvarezm51@mcp.com,Amarsk4wDGD9
289,Emily,Stewart,Emily Stewart,stewarte98@mcp.com,Semick8bOXBz
290,Michael,Baker,Michael Baker,bakerm@mcp.com,michbpxJAcHu
291,Laura,Thompson,Laura Thompson,laura_thompson@mcp.com,laura_629snW
292,Frank,Rodriguez,Frank Rodriguez,frankr45@mcp.com,franZdD4koR8
293,Scott,Wright,Scott Wright,swright@mcp.com,scotaW1MyWaw
294,Dennis,Watson,Dennis Watson,dennis.watson8@mcp.com,DW0817!terui
295,Nicholas,Reed,Nicholas Reed,reedn@mcp.com,NR1211!4fEwR
296,Timothy,Mitchell,Timothy Mitchell,timothy_mitchell@mcp.com,TM0314!lUv1Z
297,Zachary,Robinson,Zachary Robinson,robinsonz@mcp.com,Zrobinson448
298,Stephen,Brooks,Stephen Brooks,stephenb@mcp.com,Bste6bjqAGmt
299,Brandon,Richardson,Brandon Richardson,brandonr@mcp.com,Rbra84wgGLfH
300,Richard,Lee,Richard Lee,richardl@mcp.com,richard1995!
301,Jennifer,Jones,Jennifer Jones,jenniferj31@mcp.com,Jjenhqywaah2
302,John,Reed,John Reed,john_reed@mcp.com,JR0223@fTRgi
303,Andrew,Diaz,Andrew Diaz,diaza48@mcp.com,AD0120#OSuSL
304,Matthew,Bailey,Matthew Bailey,matthew.bailey32@mcp.com,MB0403!ZgB27
305,Ryan,Gomez,Ryan Gomez,ryang13@mcp.com,RG0813!cFTd6
306,Patricia,Watson,Patricia Watson,pwatson23@mcp.com,patrpD$ajw6P
307,Kimberly,Murphy,Kimberly Murphy,kimberly.murphy@mcp.com,kimberly2000$
308,Edward,Ruiz,Edward Ruiz,edward.ruiz@mcp.com,ER0815#uvaLx
309,Shirley,Edwards,Shirley Edwards,shirley_edwards@mcp.com,shirley_73al
310,Catherine,Murphy,Catherine Murphy,murphyc@mcp.com,catherine1984%
311,Sandra,Miller,Sandra Miller,sandra.miller@mcp.com,SM1212!VJy6B
312,Carol,Carter,Carol Carter,carterc23@mcp.com,carol_22FZ0P
313,Michelle,Brooks,Michelle Brooks,michelle_brooks26@mcp.com,michoNZZe@Li
314,Steven,Morgan,Steven Morgan,smorgan@mcp.com,Msteb9yvjMIY
315,Carolyn,Alvarez,Carolyn Alvarez,calvarez@mcp.com,alvarez@c241
316,Jennifer,Castillo,Jennifer Castillo,castilloj@mcp.com,jennifer1993!
317,Andrew,Moore,Andrew Moore,moorea@mcp.com,moore$a6457i
318,Jessica,Chavez,Jessica Chavez,chavezj74@mcp.com,chavez$j329B
319,Melissa,Miller,Melissa Miller,melissa.miller28@mcp.com,meliD5A1HXBO
320,Stephen,Patel,Stephen Patel,stephen_patel@mcp.com,patel$s108QD
321,Elizabeth,Martinez,Elizabeth Martinez,martineze@mcp.com,EM0426!5Gba4
322,Emily,Cook,Emily Cook,emilyc79@mcp.com,emily1988%hc
323,Christina,Robinson,Christina Robinson,christinar@mcp.com,robinson@c819
324,Alice,Davis,Alice Davis,aliced@mcp.com,alick#DbSlLU
325,Kenneth,Morris,Kenneth Morris,morrisk@mcp.com,KM0201#CbjbV
326,Barbara,King,Barbara King,bking@mcp.com,Bking431YZba
327,Linda,Hughes,Linda Hughes,lhughes62@mcp.com,hughes#l6509
328,Tracy,Ortiz,Tracy Ortiz,tracy.ortiz15@mcp.com,Tortiz270nWq
329,Jack,Mitchell,Jack Mitchell,mitchellj40@mcp.com,jack2001%D6T
330,Brenda,Clark,Brenda Clark,brenda.clark@mcp.com,clark@b5505y
331,Christine,Cox,Christine Cox,ccox@mcp.com,christine_84
332,Melissa,Cox,Melissa Cox,mcox72@mcp.com,melissa_74Nb
333,Linda,James,Linda James,jamesl@mcp.com,linda_73yAuR
334,Jacob,Nguyen,Jacob Nguyen,jnguyen@mcp.com,Jnguyen634Bl
335,Melissa,Robinson,Melissa Robinson,melissar@mcp.com,Mrobinson132
336,Jose,Anderson,Jose Anderson,jose_anderson87@mcp.com,Janderson878
337,Jason,Sanchez,Jason Sanchez,jasons@mcp.com,sanchez@j196
338,Alice,Gray,Alice Gray,alice_gray@mcp.com,alice_90zolj
339,Douglas,Chavez,Douglas Chavez,douglasc@mcp.com,dougAahuKL5T
340,Dorothy,Brown,Dorothy Brown,dbrown@mcp.com,DB0213!CEF7F
341,Melissa,Morgan,Melissa Morgan,mmorgan@mcp.com,melissa2002@
342,Samantha,Cox,Samantha Cox,samantha.cox54@mcp.com,samantha_24v
343,Elizabeth,Bailey,Elizabeth Bailey,baileye27@mcp.com,elizabeth2001%
344,Andrew,Sanchez,Andrew Sanchez,andrews@mcp.com,sanchez#a871
345,Emily,Evans,Emily Evans,emilye97@mcp.com,emilY9OecuX0
346,Robert,Smith,Robert Smith,roberts@mcp.com,robert_24PPP
347,Christine,Anderson,Christine Anderson,christinea@mcp.com,anderson#c980
348,Jessica,Roberts,Jessica Roberts,jessica_roberts@mcp.com,RjeselgblVCi
349,Amy,Bennett,Amy Bennett,amy.bennett26@mcp.com,AB0909#Qulod
350,Benjamin,Cox,Benjamin Cox,benjamin.cox83@mcp.com,Bcox4803cwjm
351,Susan,Ramirez,Susan Ramirez,susan_ramirez@mcp.com,susan1989$c4
352,Donna,Thompson,Donna Thompson,thompsond@mcp.com,Dthompson956
353,Patricia,Richardson,Patricia Richardson,richardsonp@mcp.com,richardson@p953
354,Matthew,Parker,Matthew Parker,mparker35@mcp.com,MP1223#3r9cl
355,Linda,Smith,Linda Smith,smithl@mcp.com,smith$l669lD
356,Eric,Perez,Eric Perez,eric.perez@mcp.com,eric_83Hzs5w
357,Linda,Taylor,Linda Taylor,ltaylor@mcp.com,linda_224CIx
358,Jessica,Kelly,Jessica Kelly,jessicak@mcp.com,kelly@j8625K
359,Teresa,Watson,Teresa Watson,watsont@mcp.com,teresa1986#o
360,Dorothy,Miller,Dorothy Miller,dmiller@mcp.com,doroekQoYBc0
361,Jack,Martinez,Jack Martinez,jackm@mcp.com,jack1997#VoS
362,Betty,Price,Betty Price,betty_price79@mcp.com,Bprice569BhB
363,Alice,White,Alice White,alice.white@mcp.com,white$a493Ym
364,Angela,Nguyen,Angela Nguyen,angela_nguyen90@mcp.com,nguyen#a2016
365,Charles,Gutierrez,Charles Gutierrez,gutierrezc90@mcp.com,GchaerigYFNE
366,Jeffrey,Bailey,Jeffrey Bailey,jeffrey.bailey@mcp.com,bailey@j225b
367,Joshua,Robinson,Joshua Robinson,joshua_robinson@mcp.com,Rjossak41dtL
368,Brandon,Harris,Brandon Harris,harrisb@mcp.com,BH1204#Twd7T
369,Amanda,Lopez,Amanda Lopez,alopez@mcp.com,amanda_37pZw
370,Ryan,Rogers,Ryan Rogers,ryanr18@mcp.com,ryan1989%jlH
371,Jeffrey,Martinez,Jeffrey Martinez,jmartinez@mcp.com,jeffPRZtm#Xf
372,Benjamin,Reed,Benjamin Reed,benjaminr86@mcp.com,reed#b210Ia3
373,Samantha,Gonzalez,Samantha Gonzalez,samantha.gonzalez@mcp.com,sama!fDOt6yo
374,Samuel,Morgan,Samuel Morgan,samuel.morgan42@mcp.com,Smorgan821t2
375,Andrew,Thomas,Andrew Thomas,thomasa@mcp.com,Tand3qmgJ7xd
376,Raymond,Hall,Raymond Hall,raymondh13@mcp.com,Hrayhz3cP8xz
377,Carolyn,Alvarez,Carolyn Alvarez,alvarezc37@mcp.com,CA0510@MuP18
378,Cynthia,Bennett,Cynthia Bennett,bennettc@mcp.com,bennett@c739
379,Donna,Sanders,Donna Sanders,dsanders316@mcp.com,sanders@d545
380,Amy,Reyes,Amy Reyes,amy.reyes@mcp.com,Ramy7frprIDO
381,Laura,Morgan,Laura Morgan,laura.morgan@mcp.com,morgan$l631K
382,Rebecca,Mitchell,Rebecca Mitchell,rebeccam@mcp.com,mitchell$r208
383,Tracy,Bailey,Tracy Bailey,baileyt@mcp.com,TB0701!PXdod
384,Jeffrey,Murphy,Jeffrey Murphy,jeffrey_murphy37@mcp.com,Jmurphy602Xt
385,Jeffrey,Scott,Jeffrey Scott,jscott@mcp.com,jeffrey_61D7
386,Debra,Harris,Debra Harris,debrah@mcp.com,debra1983@15
387,Ryan,Rodriguez,Ryan Rodriguez,rodriguezr69@mcp.com,Rryao75h4qaI
388,Barbara,Lee,Barbara Lee,blee41@mcp.com,barbMDsw2F3o
389,Victoria,Miller,Victoria Miller,victoriam@mcp.com,Vmiller3811g
390,Carol,Nelson,Carol Nelson,caroln59@mcp.com,CN0121@Y0cU0
391,Angela,Gomez,Angela Gomez,angela_gomez@mcp.com,AG0920!b8egK
392,Aaron,Bailey,Aaron Bailey,abailey@mcp.com,Abailey142PW
393,Jeffrey,Lopez,Jeffrey Lopez,lopezj@mcp.com,jeffbRm7UdwE
394,Raymond,Jackson,Raymond Jackson,rjackson80@mcp.com,Rjackson128Z
395,Mark,Allen,Mark Allen,marka@mcp.com,MA0619@QUI0w
396,Eric,Reyes,Eric Reyes,reyese71@mcp.com,reyes@e375z9
397,Michelle,Roberts,Michelle Roberts,micheller@mcp.com,michelle_60R
398,William,Kelly,William Kelly,william_kelly49@mcp.com,willY7uw8UQ6
399,Jose,Edwards,Jose Edwards,josee@mcp.com,edwards#j102
400,Patrick,Lee,Patrick Lee,plee37@mcp.com,PL0221!9crka
401,Jonathan,Patel,Jonathan Patel,jonathanp23@mcp.com,patel@j786IE
402,Paul,Nguyen,Paul Nguyen,pauln@mcp.com,Pnguyen931Uq
403,Angela,Cox,Angela Cox,angela_cox@mcp.com,angela1996@S
404,Tyler,Cruz,Tyler Cruz,tcruz@mcp.com,TC1027!KviR9
405,Dennis,Taylor,Dennis Taylor,taylord@mcp.com,DT0611#2H3QY
406,Susan,Bailey,Susan Bailey,susan_bailey@mcp.com,Sbailey710Hw
407,Jeffrey,Bennett,Jeffrey Bennett,jeffreyb@mcp.com,jeffrey_24ir
408,Eric,Gonzalez,Eric Gonzalez,eric.gonzalez@mcp.com,Egonzalez533
409,Kevin,King,Kevin King,kevink@mcp.com,king#k431G2V
410,Gregory,Alvarez,Gregory Alvarez,galvarez77@mcp.com,alvarez@g654
411,Stephanie,Carter,Stephanie Carter,stephanie_carter@mcp.com,carter$s187o
412,Kenneth,Anderson,Kenneth Anderson,kenneth.anderson13@mcp.com,Kanderson564
413,George,Gonzalez,George Gonzalez,george.gonzalez@mcp.com,gonzalez#g577
414,Charles,Williams,Charles Williams,cwilliams86@mcp.com,Wchaqhc5ZjAZ
415,Raymond,Chavez,Raymond Chavez,raymond.chavez29@mcp.com,raymond2005#
416,Stephen,Mendoza,Stephen Mendoza,stephenm@mcp.com,stephen2000@
417,Jeffrey,Ramos,Jeffrey Ramos,jramos487@mcp.com,Rjef56bapOEq
418,Donna,Hughes,Donna Hughes,hughesd@mcp.com,donna_44bTyg
419,Dorothy,Campbell,Dorothy Campbell,dorothyc42@mcp.com,campbell$d659
420,Janet,Rivera,Janet Rivera,janet_rivera@mcp.com,JR0703!PFg3B
421,Joseph,Wood,Joseph Wood,joseph_wood@mcp.com,Wjosno38g7rj
422,Christina,Nguyen,Christina Nguyen,cnguyen@mcp.com,Cnguyen4255D
423,Lisa,Gomez,Lisa Gomez,lisa_gomez@mcp.com,lisa_80GO9uE
424,Sandra,Hughes,Sandra Hughes,hughess@mcp.com,hughes#s825I
425,Jeffrey,Ortiz,Jeffrey Ortiz,ortizj@mcp.com,ortiz@j3451a
426,Debra,Diaz,Debra Diaz,debra_diaz@mcp.com,debrdcLMU7Nb
427,Jessica,Watson,Jessica Watson,jessicaw@mcp.com,watson#j303w
428,Patricia,Price,Patricia Price,patricia.price@mcp.com,patricia_78D
429,Nancy,Howard,Nancy Howard,nhoward@mcp.com,NH0719@u4NWN
430,Elizabeth,Campbell,Elizabeth Campbell,campbelle55@mcp.com,elizabeth_45
431,Anthony,James,Anthony James,jamesa31@mcp.com,anthony_62Sl
432,Jacob,Morales,Jacob Morales,jmorales98@mcp.com,Jmorales237v
433,Jose,Parker,Jose Parker,jose_parker52@mcp.com,joseN6eNsDoj
434,Lisa,Mendoza,Lisa Mendoza,lisa.mendoza@mcp.com,mendoza@l465
435,Mary,Ruiz,Mary Ruiz,mruiz31@mcp.com,Rmarqw29FZ3N
436,Thomas,Rogers,Thomas Rogers,thomas_rogers@mcp.com,Trogers960iI
437,Edward,Campbell,Edward Campbell,edward.campbell@mcp.com,edward1981#g
438,Emma,Brooks,Emma Brooks,emmab28@mcp.com,brooks$e5664
439,Susan,Gomez,Susan Gomez,susan.gomez@mcp.com,Sgomez7606sx
440,Martha,Moore,Martha Moore,mmoore@mcp.com,Mmarn0i0OCpi
441,Angela,Sanders,Angela Sanders,angela.sanders@mcp.com,AS0920#bz4qw
442,Andrew,Hall,Andrew Hall,halla@mcp.com,Hand1qefH9aH
443,Virginia,Hernandez,Virginia Hernandez,virginia.hernandez@mcp.com,VH0514@bviVm
444,Mary,Miller,Mary Miller,mary.miller72@mcp.com,mary_58Ji7tA
445,Aaron,Davis,Aaron Davis,aaron_davis@mcp.com,aaroawzx!gzl
446,Edward,Jackson,Edward Jackson,edwardj@mcp.com,jackson#e955
447,Nicholas,Robinson,Nicholas Robinson,nicholasr@mcp.com,nich87vaUQoj
448,Kevin,Ward,Kevin Ward,kevin_ward46@mcp.com,Kward2191LNJ
449,Anna,Green,Anna Green,anna.green@mcp.com,anna_7630QLm
450,Laura,Cooper,Laura Cooper,laura.cooper@mcp.com,Lcooper971ql
451,Catherine,Flores,Catherine Flores,floresc@mcp.com,CF0913#oMw2H
452,Larry,Nelson,Larry Nelson,larry.nelson@mcp.com,larry_44RvNl
453,John,Morales,John Morales,john_morales@mcp.com,morales#j510
454,Michael,Turner,Michael Turner,michaelt@mcp.com,MT0706@2WJUH
455,Christine,Baker,Christine Baker,christine_baker@mcp.com,CB1026@gsrS6
456,Mark,Scott,Mark Scott,mark_scott14@mcp.com,markj4TSN#Mr
457,Andrew,Morris,Andrew Morris,amorris49@mcp.com,AM0916!E6TYD
458,Anthony,Green,Anthony Green,agreen@mcp.com,green$a540Ps
459,Deborah,Lee,Deborah Lee,deborah.lee12@mcp.com,deboxvgktHQA
460,Helen,Brown,Helen Brown,helen_brown@mcp.com,heleRjvoqtFH
461,Nicholas,Gonzalez,Nicholas Gonzalez,nicholas_gonzalez@mcp.com,NG1216#UQwAS
462,Brenda,Brown,Brenda Brown,brenda_brown89@mcp.com,brenda_23g57
463,Lisa,Cruz,Lisa Cruz,lisac33@mcp.com,lisa1982$ztZ
464,Ryan,Allen,Ryan Allen,allenr@mcp.com,allen@r660jc
465,James,Ramos,James Ramos,ramosj@mcp.com,jamefEAarr2x
466,Mary,Morris,Mary Morris,mary.morris70@mcp.com,morris$m380O
467,Dorothy,Robinson,Dorothy Robinson,dorothyr23@mcp.com,Rdorh7w7CdKP
468,Helen,Wood,Helen Wood,helenw@mcp.com,helea3yTfjj5
469,Brenda,Cruz,Brenda Cruz,brenda_cruz@mcp.com,brenda1997@C
470,Aaron,Ward,Aaron Ward,aaron_ward@mcp.com,aarol3nUsqvl
471,Virginia,Brown,Virginia Brown,virginiab@mcp.com,virgf7!n4awv
472,Robert,Mitchell,Robert Mitchell,robert_mitchell55@mcp.com,MrobgkqdZhSQ
473,Mary,Evans,Mary Evans,mevans@mcp.com,Mevans8988nr
474,Richard,Chavez,Richard Chavez,richard_chavez@mcp.com,RC0913@3rN1T
475,Christina,Perez,Christina Perez,perezc37@mcp.com,christina1985#
476,Andrew,Roberts,Andrew Roberts,robertsa@mcp.com,Aroberts549w
477,Raymond,Morales,Raymond Morales,raymond.morales61@mcp.com,raymond1996%
478,James,Cox,James Cox,jcox18@mcp.com,james_21Z3nA
479,Matthew,Clark,Matthew Clark,matthewc@mcp.com,Mclark207eX6
480,Debra,Brooks,Debra Brooks,debra.brooks@mcp.com,BdebvbnxxoGV
481,Emily,Edwards,Emily Edwards,edwardse@mcp.com,EE0920#Nga18
482,Linda,Murphy,Linda Murphy,murphyl@mcp.com,murphy$l389b
483,Marie,Wilson,Marie Wilson,marie.wilson@mcp.com,wilson#m571u
484,Tyler,Gray,Tyler Gray,tgray@mcp.com,Tgray460ODjb
485,Shirley,Nelson,Shirley Nelson,shirleyn27@mcp.com,SN0726!76SNC
486,Dorothy,Edwards,Dorothy Edwards,dorothy.edwards@mcp.com,Dedwards902G
487,Anthony,Young,Anthony Young,anthony.young28@mcp.com,anth$oqVx5zD
488,Maria,Hernandez,Maria Hernandez,hernandezm@mcp.com,Mhernandez521
489,Jennifer,Baker,Jennifer Baker,jennifer.baker@mcp.com,jennifer1994#
490,Victoria,Jackson,Victoria Jackson,jacksonv8@mcp.com,Vjackson415e
491,Debra,Rogers,Debra Rogers,drogers@mcp.com,Rdeb6zzuaSJZ
492,Marie,Green,Marie Green,greenm@mcp.com,Mgreen922VhG
493,Laura,Green,Laura Green,greenl@mcp.com,green#l285Sq
494,Frank,Allen,Frank Allen,franka73@mcp.com,Afraai6ezopv
495,George,Morris,George Morris,morrisg31@mcp.com,georoHqsjVbU
496,Debra,Chavez,Debra Chavez,debrac99@mcp.com,chavez@d485Y
497,Stephen,Sanchez,Stephen Sanchez,stephens@mcp.com,Sste36un0jFb
498,Emily,Ruiz,Emily Ruiz,emily_ruiz@mcp.com,emily2001$Qe
499,Paul,Hall,Paul Hall,phall62@mcp.com,hall#p438myb
500,Helen,Reed,Helen Reed,reedh29@mcp.com,helen1983#7k
