Name,email
Stephanie Cox,stephanie.cox@mcp.com
James Thomas,james.thomas30@mcp.com
Gary Collins,gary_collins@mcp.com
Raymond Reyes,raymond_reyes60@mcp.com
Stephanie Gonzalez,sgonzalez3@mcp.com
Ronald Miller,ronaldm@mcp.com
Susan Young,syoung@mcp.com
Dorothy Roberts,droberts@mcp.com
Frances Johnson,francesj@mcp.com
Raymond Cox,raymond_cox@mcp.com
Cynthia Davis,cynthiad@mcp.com
Christina Martinez,cmartinez@mcp.com
Shirley Gray,shirleyg@mcp.com
Tracy Stewart,stewartt@mcp.com
Samuel Richardson,srichardson@mcp.com
Samantha Martin,samantha_martin@mcp.com
Rebecca Diaz,rebecca_diaz@mcp.com
Gregory Roberts,groberts@mcp.com
Debra Jackson,jacksond@mcp.com